market_ticker,fair_yes_probability,fair_yes_probability_low,fair_yes_probability_high,confidence,thesis,source_note,updated_at,evidence_count,evidence_quality,source_type,last_evidence_at,contract_family,resolution_source_type,model_name,model_probability_raw,execution_probability_guarded,market_midpoint_probability,settlement_source_primary,settlement_source_fallback,settlement_station,settlement_timezone,local_day_boundary,observation_window_local_start,observation_window_local_end,observation_window_local_source,weather_station_history_status,weather_station_history_cache_hit,weather_station_history_cache_fallback_used,weather_station_history_cache_fresh,weather_station_history_cache_age_seconds,weather_station_history_sample_metric,weather_station_history_sample_years,weather_station_history_sample_years_total,weather_station_history_sample_years_precip,weather_station_history_sample_years_tmax,weather_station_history_sample_years_tmin,weather_station_history_sample_years_mean,weather_station_history_min_sample_years_required,weather_station_history_live_ready,weather_station_history_live_ready_reason,threshold_expression,rule_text_hash_sha256,high_trust_evidence_count,market_family,research_priority_score
KXDEREMEROUT-26-APR01,0.02,,,0.58,"As of March 28, 2026, Chavez-DeRemer still appears to be actively serving as Labor Secretary, with official Labor Department statements on March 6 and March 11 and no public sign of an imminent exit before April 1. Ongoing scandal reporting keeps the risk above zero, but the near-term leave-office probability still looks low.","DOL Mar. 6, 2026 jobs report statement; DOL Mar. 11, 2026 listening-tour release; White House cabinet page listing her as Secretary of Labor; CBS Feb. 20, 2026 no-charge report; Washington Post Feb. 24, 2026 report that White House support continued while inquiry remained ongoing.",2026-03-28T00:18:00-04:00,,,manual,,,,,,,,,,,,,,,,,,,,,,,,,,,,,,,,,,,
KXLUTNICKOUT-26APR01,0.01,,,0.56,"As of March 28, 2026, Lutnick still appears to be actively serving as Commerce Secretary, with Commerce leadership pages listing him in office and official Commerce materials continuing to frame policy actions under his leadership. The Epstein-related controversy creates real but mostly reputational pressure, yet with only a few days left until April 1 and continued public backing from Trump, an exit before the deadline still looks unlikely.","Commerce leadership page listing Howard Lutnick as Secretary of Commerce; Commerce Jan. 2026 First Year Accomplishments under Secretary Howard W. Lutnick release; White House cabinet page; Axios Mar. 3, 2026 report that Lutnick agreed to testify and that White House support continued; AP Feb. 10, 2026 report on revised Epstein-ties testimony.",2026-03-28T00:24:00-04:00,,,manual,,,,,,,,,,,,,,,,,,,,,,,,,,,,,,,,,,,
KXIPOSPACEX-26APR01,0.008,,,0.46,"As of March 28, 2026, the evidence still points to a later-2026 SpaceX listing rather than a public IPO announcement before April 1. Reuters reported on January 29 that merger talks with xAI were happening ahead of a planned offering later this year, Reuters reported on January 30 that the company was targeting a giant IPO near late June, and AP described the xAI combination on February 2 as coming before an expected IPO later this year. That keeps some optionality alive, but an official IPO announcement within the next few days still looks lower than the current penny ask.","Reuters Jan. 29, 2026 SpaceX-xAI merger talks ahead of planned later-2026 IPO; Reuters Jan. 30, 2026 profit report saying IPO planned near June 28; AP Feb. 2, 2026 article on xAI combination before expected later-2026 IPO.",2026-03-28T01:36:20-04:00,,,manual,,,,,,,,,,,,,,,,,,,,,,,,,,,,,,,,,,,
KXIPOSTARLINK-26APR01,0.001,,,0.44,"As of March 28, 2026, Starlink still looks more like a major business line inside SpaceX than a standalone near-term IPO candidate. Reuters reported in June 2025 that Musk had said Starlink would go public but gave no timeline, and current 2026 reporting frames Starlink as a core part of the combined SpaceX story heading toward a later-2026 SpaceX IPO. With only days until April 1 and no standalone Starlink IPO announcement, the near-term yes probability looks well under 1%.","Reuters June 3, 2025 article noting Musk said Starlink would go public without a timeline; Reuters Jan. 30, 2026 report that Starlink is the main revenue driver inside SpaceX; AP Feb. 2, 2026 article describing Starlink as part of the combined SpaceX business ahead of an expected later-2026 IPO.",2026-03-28T01:36:20-04:00,,,manual,,,,,,,,,,,,,,,,,,,,,,,,,,,,,,,,,,,
KXIPOOPENAI-26APR01,0.002,,,0.61,"As of March 28, 2026, OpenAI is still leaning on private capital and its foundation-controlled public-benefit structure, not a near-term public listing. OpenAI announced a $110 billion private investment program on February 27, 2026, and its public materials continue to emphasize the OpenAI Foundation and recapitalized governance rather than any IPO timetable. Reuters reported in October 2025 that groundwork was being laid for a possible IPO as soon as the second half of 2026, which is materially later than April 1. That makes an official IPO announcement in the next few days extremely unlikely.","OpenAI Feb. 27, 2026 Scaling AI for everyone announcement; OpenAI Our structure page describing the Oct. 28, 2025 foundation/PBC recapitalization; Reuters Oct. 7, 2025 report that OpenAI was laying groundwork for a possible second-half-2026 IPO.",2026-03-28T01:36:20-04:00,,,manual,,,,,,,,,,,,,,,,,,,,,,,,,,,,,,,,,,,
KXSTRIPEIPO-26APR01,0.001,,,0.62,"As of March 28, 2026, Stripe is still using private-market liquidity instead of preparing the public market for an immediate listing. Stripe announced a February 24, 2026 tender offer at a $159 billion valuation, and John Collison said on January 20, 2026 that the company was still not in any rush to go public. With only days until April 1 and no official IPO announcement, the near-term yes probability looks de minimis.","Stripe Feb. 24, 2026 annual letter and tender-offer announcement; PYMNTS Jan. 20, 2026 summary of Bloomberg interview with John Collison saying Stripe had no immediate plans to go public.",2026-03-28T01:36:20-04:00,,,manual,,,,,,,,,,,,,,,,,,,,,,,,,,,,,,,,,,,
KXTVSEASONRELEASETHELASTOFUS-26-APR,0.001,,,0.67,"As of March 28, 2026, an April 2026 release window for The Last of Us Season 3 looks effectively out of reach. HBO renewed the series for a third season ahead of season two's April 13 debut, and current reporting says season three production only began in March 2026 with premiere expectations pushed into 2027. That makes the current penny yes price too high for the April 2026 bucket.","Warner Bros. Discovery Apr. 9, 2025 renewal announcement ahead of season two's Apr. 13 debut; Warner Bros. Discovery Feb. 19, 2025 release-date announcement for season two; GamesRadar Mar. 23, 2026 cast update reporting season three is expected in 2027 after production began in March 2026.",2026-03-28T01:36:20-04:00,,,manual,,,,,,,,,,,,,,,,,,,,,,,,,,,,,,,,,,,
KXCOMPANYACTIONMERGER-27-26APR01,0.004,,,0.42,"As of March 28, 2026, the disclosed Musk-company consolidation path is Tesla investing in xAI and SpaceX acquiring xAI, not a direct Tesla-SpaceX merger agreement. Tesla's January 28, 2026 shareholder materials described only a $2 billion xAI preferred-stock investment and an AI collaboration framework, while xAI announced on February 2, 2026 that it was joining SpaceX. That leaves some possibility of further restructuring, but with only days until April 1 and no public definitive Tesla-SpaceX agreement, the near-term yes probability still looks below 1%.","Tesla Jan. 28, 2026 Q4 and FY 2025 update describing a $2 billion xAI investment plus framework agreement; xAI Feb. 2, 2026 official announcement that xAI joins SpaceX; AP Feb. 2, 2026 report that the announced combination was SpaceX and xAI ahead of an expected later-2026 IPO.",2026-03-28T01:36:20-04:00,,,manual,,,,,,,,,,,,,,,,,,,,,,,,,,,,,,,,,,,
KXGREENTERRITORY-29-26APR,0.002,,,0.53,"As of March 28, 2026, Greenland remains a geopolitical pressure story, not a credible near-term acquisition story. Trump continued threatening tariffs and control in January, but Reuters reported on January 12 that he described any acquisition as not a short-term deal, and Greenland's leaders publicly rejected U.S. control while Denmark warned that any forced takeover would rupture NATO. With only a few days left until April 1, the odds of the United States acquiring any part of Greenland still look far below the current penny ask.","Reuters Jan. 12, 2026 report that Trump said a Greenland acquisition would not be a short-term deal; AP Jan. 5, 2026 report that Denmark warned a U.S. takeover would mark the end of NATO; AP Jan. 10, 2026 report that Greenland's party leaders rejected U.S. control; AP Jan. 16, 2026 report that Trump threatened tariffs over Greenland while talks continued.",2026-03-28T01:36:20-04:00,,,manual,,,,,,,,,,,,,,,,,,,,,,,,,,,,,,,,,,,
KXBONDIOUT-26APR01,0.03,,,0.57,"As of March 28, 2026, Bondi still appears to be actively exercising the attorney general role, with Justice Department actions and appearances continuing through mid-March. Congressional scrutiny around Epstein-file handling and ethics policy is real, but with official DOJ releases still running under her name in February and March and only days left until April 1, an exit before the deadline still looks unlikely.","DOJ Feb. 18, 2026 animal-welfare enforcement announcement under Attorney General Bondi; DOJ Mar. 8, 2026 appearance in Georgia; DOJ Mar. 12, 2026 California EV lawsuit announcement under Attorney General Pamela Bondi; Washington Post Mar. 4, 2026 report on House Oversight subpoena tied to Epstein-file handling; CBS Mar. 4, 2026 report on Bondi rescinding a DOJ partisan-events ban.",2026-03-28T01:36:20-04:00,,,manual,,,,,,,,,,,,,,,,,,,,,,,,,,,,,,,,,,,
KXIPODISCORD-26APR01,0.006,,,0.5,"As of March 28, 2026, Discord still looks like a company scaling a private platform business rather than preparing to publicly announce an IPO in the next few days. Discord's April 23, 2025 CEO transition highlighted 200 million-plus monthly active users, positive adjusted EBITDA, and a push into ads, micro-transactions, and developer infrastructure, while the company's February 24, 2026 age-assurance update delayed a major global rollout into the second half of 2026. With no official IPO announcement and only a few days left until April 1, the near-term yes probability looks below the current penny ask.","Discord Apr. 23, 2025 CEO announcement highlighting 200M+ MAUs, revenue growth, and positive adjusted EBITDA; Discord Feb. 24, 2026 age-assurance update delaying global rollout to the second half of 2026; AP Feb. 25, 2026 report on the same age-verification delay and 200M user base.",2026-03-28T01:50:00-04:00,,,manual,,,,,,,,,,,,,,,,,,,,,,,,,,,,,,,,,,,
KXIPOANDURIL-26APR01,0.003,,,0.59,"As of March 28, 2026, Anduril still looks deep in the private-capital phase, not on the verge of an official IPO announcement before April 1. Reuters reported on June 5, 2025 that Anduril raised $2.5 billion at a $30.5 billion valuation, and Axios reported on March 4, 2026 that it was raising another private round around $4 billion at a $60 billion valuation. At the same time, the company continues announcing large defense contracts and industrial expansion rather than public-listing plans. With only days left until April 1, the near-term yes probability looks materially below the current penny ask.","Reuters June 5, 2025 report on Anduril's $2.5 billion private round at a $30.5 billion valuation; Axios Mar. 4, 2026 report that Anduril was raising another private round at roughly a $60 billion valuation; Anduril official contract/news pages in 2025-2026 showing ongoing defense expansion.",2026-03-28T01:50:00-04:00,,,manual,,,,,,,,,,,,,,,,,,,,,,,,,,,,,,,,,,,
KXMEDIARELEASESPIDERMAN-APR26,0.004,,,0.55,"As of March 28, 2026, Sony's own materials place Spider-Man: Beyond the Spider-Verse on a June 18, 2027 release path, and current Spider-Man marketing attention is focused on Spider-Man: Brand New Day, whose first trailer arrived on March 18, 2026. That does not make a Beyond the Spider-Verse trailer before April 1 impossible, but with the film still more than a year away and no official trailer push underway, the near-term yes probability looks materially below the current $0.02 ask.","Sony FY25.3Q supplemental information published February 2026 listing Spider-Man: Beyond the Spider-Verse for June 18, 2027; Sony strategy presentation published March 26, 2026 describing the final Spider-Verse film as a 2027 release; March 2026 reporting that the first Spider-Man: Brand New Day trailer launched on March 18, 2026.",2026-03-28T01:58:00-04:00,,,manual,,,,,,,,,,,,,,,,,,,,,,,,,,,,,,,,,,,
KXFREDDIE-26APR01,0.004,,,0.6,"As of March 28, 2026, Freddie Mac is still operating under FHFA conservatorship, and the official release path still requires Treasury consent plus a public input process before conservatorship can end. At the same time, Freddie Mac's own March 2026 materials are still focused on routine mortgage-market and capital-markets operations, not a near-term IPO announcement. That leaves some residual optionality because policymakers continue discussing eventual release, but an official IPO announcement before April 1 still looks materially below the current penny ask.","FHFA Conservatorship page stating Fannie Mae and Freddie Mac continue to operate under conservatorship; Treasury Jan. 2, 2025 PSPA amendment requiring Treasury consent and public input before release from conservatorship; FHFA 2024 Annual Report to Congress published March 2026 noting Freddie Mac remained below post-conservatorship capital requirements at year-end 2024; Freddie Mac March 2026 Clarity updates page showing routine capital-markets operations.",2026-03-28T02:03:00-04:00,,,manual,,,,,,,,,,,,,,,,,,,,,,,,,,,,,,,,,,,
KXIPOFANNIE-26APR01,0.004,,,0.6,"As of March 28, 2026, Fannie Mae is still operating under FHFA conservatorship, and the official release process still requires Treasury consent and a public request for input before conservatorship can be terminated. Fannie Mae's own March 2026 materials remain focused on Selling Guide and servicing updates rather than any public-offering timetable. With only days left until April 1, the odds of an official IPO announcement still look materially below the current penny ask.","FHFA Conservatorship page stating Fannie Mae and Freddie Mac continue to operate under conservatorship; Treasury Jan. 2, 2025 PSPA amendment requiring Treasury consent and public input before release from conservatorship; FHFA 2024 Annual Report to Congress published March 2026 noting Fannie Mae remained below post-conservatorship capital requirements at year-end 2024; Fannie Mae Announcement SEL-2026-02 published March 4, 2026 showing routine operating updates.",2026-03-28T02:03:00-04:00,,,manual,,,,,,,,,,,,,,,,,,,,,,,,,,,,,,,,,,,
KXIPOOURA-26APR01,0.003,,,0.63,"As of March 28, 2026, Oura still looks committed to the private-company path rather than preparing a public IPO announcement in the next few days. Bloomberg Law reported on January 23, 2026 that Oura was working on a tender offer for existing investors specifically to stay private longer, while Oura's own February and March 2026 announcements emphasized its $11 billion private-company scale, Olympic partnership, and continued acquisition-led expansion. With only days until April 1 and no public IPO signal, the near-term yes probability looks materially below the current penny ask.","Bloomberg Law Jan. 23, 2026 report that Oura was pursuing a tender offer to stay private longer after its $11 billion round; Oura Feb. 6, 2026 Team USA partnership post saying it was last valued at approximately $11 billion; Oura Mar. 5, 2026 Doublepoint acquisition post describing continued scale and growth.",2026-03-28T02:08:00-04:00,,,manual,,,,,,,,,,,,,,,,,,,,,,,,,,,,,,,,,,,
KXIPOOLIPOP-26APR01,0.004,,,0.56,"As of March 28, 2026, Olipop still looks like a fast-growing private consumer brand rather than a company about to publicly announce an IPO in the next few days. Bloomberg reported on February 12, 2025 that Olipop raised another $50 million at a $1.85 billion valuation and that management expected this to be its last funding round, but the company's own 2025 updates still centered on retailer expansion, B Corp certification, and operating scale rather than any public-listing process. With PepsiCo buying rival Poppi in March-May 2025, the category's strategic landscape also leaves room for acquisition or continued private growth. With only days left until April 1, the near-term yes probability still looks materially below the current penny ask.","Bloomberg Feb. 12, 2025 report that Olipop raised $50 million at a $1.85 billion valuation; PepsiCo Mar. 17 and May 19, 2025 announcements around the Poppi acquisition; Olipop 2025 company posts on B Corp certification and workplace growth rather than IPO preparation.",2026-03-28T02:12:00-04:00,,,manual,,,,,,,,,,,,,,,,,,,,,,,,,,,,,,,,,,,
KXIPOBEASTINDUSTRIES-26APR01,0.006,,,0.49,"As of March 28, 2026, Beast Industries still looks like a rapidly expanding private conglomerate rather than a company preparing to publicly announce an IPO in the next few days. The company announced its acquisition of Step on February 9, 2026 to expand into fintech, and BitMine disclosed a $200 million private investment in January 2026 that closed later that month. Those moves reinforce continued private financing and acquisition-led expansion, not an imminent public-listing announcement before April 1.","Step Feb. 9, 2026 press release announcing Beast Industries' acquisition of Step; BitMine Jan. 15, 2026 press release and subsequent January-March 2026 disclosures showing a $200 million stake in Beast Industries; Bloomberg and Fortune 2025-2026 reporting that Beast Industries was still being funded privately around a $5 billion valuation.",2026-03-28T02:15:00-04:00,,,manual,,,,,,,,,,,,,,,,,,,,,,,,,,,,,,,,,,,
KXNETANYAHUPARDON-26-APR01,0.05,,,0.47,"As of March 28, 2026, a Netanyahu pardon before April 1 is still unlikely, but it is no longer a pure fantasy scenario. Netanyahu formally requested a pardon in late 2025, Trump has repeatedly pressured President Herzog to grant it, and mid-March reporting said the Justice Ministry had already forwarded its opinion for presidential review. At the same time, there is no indication a decision is imminent, the process remains politically explosive, and the compressed time window leaves only a few days. On balance, the near-term yes probability looks above zero but still well below even-money.","AP Nov. 30, 2025 report that Netanyahu formally requested a pardon; AP and Axios February-March 2026 reporting on Trump's renewed pressure for an immediate pardon; March 11, 2026 reporting that the Justice Ministry opinion had been forwarded for presidential review.",2026-03-28T02:18:00-04:00,,,manual,,,,,,,,,,,,,,,,,,,,,,,,,,,,,,,,,,,
KXGABBARDOUT-26-APR01,0.015,0.001,0.095,0.2,Auto prior fallback anchored to market midpoint; evidence fetch failed.,No reliable external evidence met thresholds in this refresh cycle.,2026-03-29T13:19:58.945646+00:00,0,0.0,auto,,,rules_text,,,,,,,,,,,,,,,,,,,,,,,,,,,,,,0,cabinet_exit,29.717353
KXECONSTATCPI-26MAY-T0.2,0.38,0.14346,0.61654,0.486,Auto prior supports the event based on 3 recent headlines across 2 sources.,"US Labor Department urged to prioritize November employment, CPI data post-shutdown - Reuters; US to publish CPI report for annual Social Security cost-of-living adjustment - Reuters; Social Security cost-of-living adjustment may be 2.5% in 2026, new estimates find - CNBC",2026-04-01T22:28:27.001065+00:00,3,0.85,auto,2025-11-12T08:00:00+00:00,,rules_text,,,,,,,,,,,,,,,,,,,,,,,,,,,,,,3,general_event,35.0
KXECONSTATCPICORE-26MAY-T0.2,0.375,0.282758,0.467242,0.888705,Auto prior supports the event based on 8 recent headlines across 3 sources.,November's inflation report is the first to be released after the shutdown. Here's what to expect - CNBC; Bank of Japan's new trend gauge shows inflation exceeding target - Reuters; Inflation Had Steadied Before War With Iran - The New York Times,2026-04-01T22:28:27.001065+00:00,8,0.79375,auto,2026-03-26T06:29:05+00:00,,rules_text,,,,,,,,,,,,,,,,,,,,,,,,,,,,,,5,general_event,35.0
KXECONSTATCPIYOY-26MAY-T3.3,0.2,0.001,0.42648,0.577456,Auto prior supports the event based on 5 recent headlines across 3 sources.,CPI PROPERTY GROUP publishes financial results for 2025 - tradingview.com; Eurozone Inflation: What to Expect from February’s CPI Data - global.morningstar.com; US to publish CPI report for annual Social Security cost-of-living adjustment - Reuters,2026-04-01T22:28:27.001065+00:00,5,0.73,auto,2026-03-31T18:21:13+00:00,,rules_text,,,,,,,,,,,,,,,,,,,,,,,,,,,,,,2,general_event,35.0
KXECONSTATCORECPIYOY-26JUN-T2.9,0.235,0.142391,0.327609,0.88537,Auto prior leans against the event based on 8 recent headlines across 3 sources.,"Fed still leans in the direction of cuts, but timing will be delayed - ING THINK economic and financial analysis | ING THINK; Inflation in the UK: Economic indicators - The House of Commons Library; Layoff Tracker: Takeda Restructuring Will Affect Workforce, Could Include Layoffs - BioSpace",2026-03-30T00:33:21.998087+00:00,8,0.71875,auto,2026-03-26T07:00:00+00:00,,rules_text,,,,,,,,,,,,,,,,,,,,,,,,,,,,,,2,general_event,35.0
KXPAYROLLS-26MAY-T70000,0.475,0.256853,0.693147,0.532,Auto prior supports the event based on 4 recent headlines across 3 sources.,"Friday's jobs report will be delayed because of the partial government shutdown - CNBC; New Epstein files reveal he may have trafficked girls to others despite official denials - theguardian.com; ""The Late Show with Stephen Colbert"" to end in May 2026 - CBS News",2026-04-01T22:28:27.001065+00:00,4,0.7,auto,2026-02-02T08:00:00+00:00,,rules_text,,,,,,,,,,,,,,,,,,,,,,,,,,,,,,1,general_event,35.0
KXECONSTATU3-26MAY-T4.3,0.265,0.028167,0.501833,0.483333,Auto prior supports the event based on 3 recent headlines across 3 sources.,"The 'low-hire, low-fire' economy may be starting to shift with more layoffs—but not more hiring - CNBC; Economy added 50,000 jobs in December while unemployment fell slightly - usatoday.com; Governor Hochul and Labor Leaders Announce New York State Pays Off Multi-Billion Dollar Unemployment Insurance Trust Fund Debt - Governor Kathy Hochul (.gov)",2026-04-01T22:28:27.001065+00:00,3,0.833333,auto,2026-02-06T08:00:00+00:00,,rules_text,,,,,,,,,,,,,,,,,,,,,,,,,,,,,,2,general_event,35.0
KXPCECORE-26JUN-T0.2,0.5,0.289539,0.710461,0.723084,Auto prior supports the event based on 8 recent headlines across 3 sources.,"Federal Reserve holds interest rates steady, signals one rate cut amid inflation uncertainty - U.S. Bank; U.S. FOMC Meeting (March 2026) - economics.td.com; GDP (Advance Estimate), 4th Quarter and Year 2025 - Bureau of Economic Analysis (BEA) (.gov)",2026-04-01T22:28:27.001065+00:00,8,0.74375,auto,2026-03-18T07:00:00+00:00,,rules_text,,,,,,,,,,,,,,,,,,,,,,,,,,,,,,3,general_event,35.0
KXGDP-26JUL30-T1.5,0.585,0.374488,0.795512,0.722616,Auto prior supports the event based on 8 recent headlines across 3 sources.,"Canadian GDP growth stalled in January but expect a partial February rebound - rbc.com; GDP (Advance Estimate), 4th Quarter and Year 2025 - Bureau of Economic Analysis (BEA) (.gov); GDPNow - Atlanta - Federal Reserve Bank",2026-04-01T22:28:27.001065+00:00,8,0.7375,auto,2026-03-27T07:00:00+00:00,,rules_text,,,,,,,,,,,,,,,,,,,,,,,,,,,,,,2,general_event,35.0
KXFED-26JUN-T3.50,0.755,0.661319,0.848681,0.875631,Auto prior leans against the event based on 8 recent headlines across 3 sources.,"The Fed is unlikely to cut rates Wednesday, but this meeting is packed with intrigue - CNBC; Federal Reserve Holds Interest Rates Steady at 4.25% as Inflation Edges Toward 2% Target - altitudesmagazine.com; WATCH: Fed Chair Powell holds news briefing after interest rate left unchanged - PBS",2026-04-01T22:28:27.001065+00:00,8,0.7,auto,2026-04-01T12:57:20+00:00,,official_source,,,,,,,,,,,,,,,,,,,,,,,,,,,,,,2,general_event,35.0
KXTRUMPOUT27-27-26AUG01,0.237551,0.14437,0.330732,0.880173,Auto prior supports the event based on 8 recent headlines across 2 sources.,"Never-before-used rule would see Donald Trump removed as president - LADbible; White House says Trump has fired CDC Director Susan Monarez, names temporary replacement - CNBC; Trump tells Fed's Lisa Cook she's fired; she says 'he has no authority to do so' - CNBC",2026-03-29T22:19:06.774257+00:00,8,0.775,auto,2026-03-27T19:31:20+00:00,,rules_text,,,,,,,,,,,,,,,,,,,,,,,,,,,,,,5,cabinet_exit,54.454
KXHORMUZTRAFFICW-26MAR31-T10,0.845,0.606255,0.999,0.465957,Auto prior supports the event based on 3 recent headlines across 3 sources.,Iran Says Supreme Leader Killed in U.S.-Israeli Strikes - The New York Times; Day 4 US-Israel attack Iran: Children pay highest price for wars they did not chose: UN - The Siasat Daily; Playbook - Politico,2026-03-29T22:19:06.774257+00:00,3,0.716667,auto,2026-03-01T08:00:00+00:00,,rules_text,,,,,,,,,,,,,,,,,,,,,,,,,,,,,,1,general_event,62.564653
KXHORMUZTRAFFICW-26MAR31-T15,0.77,0.531255,0.999,0.465957,Auto prior supports the event based on 3 recent headlines across 3 sources.,Iran Says Supreme Leader Killed in U.S.-Israeli Strikes - The New York Times; Day 4 US-Israel attack Iran: Children pay highest price for wars they did not chose: UN - The Siasat Daily; Playbook - Politico,2026-03-29T22:19:06.774257+00:00,3,0.716667,auto,2026-03-01T08:00:00+00:00,,rules_text,,,,,,,,,,,,,,,,,,,,,,,,,,,,,,1,general_event,59.454428
KXMENTIONEARNDAL-26JUN30-PART,0.765,0.554159,0.975841,0.719628,Auto prior supports the event based on 8 recent headlines across 3 sources.,"Delta Air Lines says it will suspend Special services for Congress members - TribLIVE.com; Delta Air Lines Says It Will Suspend Special Services for Congress Members - The New York Times; Delta flight from Detroit to Puerto Vallarta, Mexico, diverted due to ""civil unrest,"" spokesperson says - CBS News",2026-03-29T22:19:06.774257+00:00,8,0.675,auto,2026-03-25T21:10:05+00:00,,rules_text,,,,,,,,,,,,,,,,,,,,,,,,,,,,,,1,general_event,54.46155
KXHMONTHRANGE-26APR-T1.03,0.217028,0.043028,0.391028,0.68,NOAA global land-ocean anomaly trend and variance imply 21.7% for threshold (below:1.03).,noaa_global_land_ocean_anomaly_series:https://storage.googleapis.com/noaa-ncei-ipg/datasets/cag/data/time-series/global/tavg/anomaly_globe-land_ocean.json; series_end=2026-2; projected=1.173; sigma=0.182,2026-03-30T15:51:21.307119+00:00,120,0.82,auto_weather,2026-02-01T00:00:00+00:00,monthly_climate_anomaly,climate_archive,weather_monthly_anomaly_threshold_v1,,,,,,,,contract_defined_day,,,,,,,,,,,,,,,,,,,below:1.03,d46efa5e60b54ed4d74f3729a6d0682a6724c6ceef27e8aa21ad3917f144565e,,,
KXHMONTHRANGE-26APR-B1.200,0.129239,0.001,0.303239,0.68,NOAA global land-ocean anomaly trend and variance imply 12.9% for threshold (between:1.17:1.23).,noaa_global_land_ocean_anomaly_series:https://storage.googleapis.com/noaa-ncei-ipg/datasets/cag/data/time-series/global/tavg/anomaly_globe-land_ocean.json; series_end=2026-2; projected=1.173; sigma=0.182,2026-03-30T15:51:21.307119+00:00,120,0.82,auto_weather,2026-02-01T00:00:00+00:00,monthly_climate_anomaly,climate_archive,weather_monthly_anomaly_threshold_v1,,,,,,,,contract_defined_day,,,,,,,,,,,,,,,,,,,between:1.17:1.23,c07e670c6485a03f069551163732795c9ce833edb181e34ce34af9ad2226991b,,,
KXHMONTHRANGE-26APR-B1.270,0.113468,0.001,0.287468,0.68,NOAA global land-ocean anomaly trend and variance imply 11.3% for threshold (between:1.24:1.30).,noaa_global_land_ocean_anomaly_series:https://storage.googleapis.com/noaa-ncei-ipg/datasets/cag/data/time-series/global/tavg/anomaly_globe-land_ocean.json; series_end=2026-2; projected=1.173; sigma=0.182,2026-03-30T15:51:21.307119+00:00,120,0.82,auto_weather,2026-02-01T00:00:00+00:00,monthly_climate_anomaly,climate_archive,weather_monthly_anomaly_threshold_v1,,,,,,,,contract_defined_day,,,,,,,,,,,,,,,,,,,between:1.24:1.30,7cab7ee0c0c652896bee84bf42926d8163a58919c16f89b7f5d9ca912458709c,,,
KXHMONTHRANGE-26APR-T1.30,0.24242,0.06842,0.41642,0.68,NOAA global land-ocean anomaly trend and variance imply 24.2% for threshold (above:1.30).,noaa_global_land_ocean_anomaly_series:https://storage.googleapis.com/noaa-ncei-ipg/datasets/cag/data/time-series/global/tavg/anomaly_globe-land_ocean.json; series_end=2026-2; projected=1.173; sigma=0.182,2026-03-30T15:51:21.307119+00:00,120,0.82,auto_weather,2026-02-01T00:00:00+00:00,monthly_climate_anomaly,climate_archive,weather_monthly_anomaly_threshold_v1,,,,,,,,contract_defined_day,,,,,,,,,,,,,,,,,,,above:1.30,79af8fcabe3bd640f2166103a084da843c22cdffd9f22d80d2e4318c9c1f139c,,,
KXHMONTHRANGE-26APR-B1.130,0.127197,0.001,0.301197,0.68,NOAA global land-ocean anomaly trend and variance imply 12.7% for threshold (between:1.10:1.16).,noaa_global_land_ocean_anomaly_series:https://storage.googleapis.com/noaa-ncei-ipg/datasets/cag/data/time-series/global/tavg/anomaly_globe-land_ocean.json; series_end=2026-2; projected=1.173; sigma=0.182,2026-03-30T15:51:21.307119+00:00,120,0.82,auto_weather,2026-02-01T00:00:00+00:00,monthly_climate_anomaly,climate_archive,weather_monthly_anomaly_threshold_v1,,,,,,,,contract_defined_day,,,,,,,,,,,,,,,,,,,between:1.10:1.16,704091d31c6484bd80abe66880bf0ababc16210026faab9033a71b998a19de1c,,,
KXHMONTHRANGE-26APR-B1.060,0.108174,0.001,0.282174,0.68,NOAA global land-ocean anomaly trend and variance imply 10.8% for threshold (between:1.03:1.09).,noaa_global_land_ocean_anomaly_series:https://storage.googleapis.com/noaa-ncei-ipg/datasets/cag/data/time-series/global/tavg/anomaly_globe-land_ocean.json; series_end=2026-2; projected=1.173; sigma=0.182,2026-03-30T15:51:21.307119+00:00,120,0.82,auto_weather,2026-02-01T00:00:00+00:00,monthly_climate_anomaly,climate_archive,weather_monthly_anomaly_threshold_v1,,,,,,,,contract_defined_day,,,,,,,,,,,,,,,,,,,between:1.03:1.09,6fef6602c09cd113ddc4036c9a600b3d7b96999ec62e1e8761b1a43c38f901dc,,,
KXECONSTATCPIYOY-26MAY-T2.9,0.175,0.001,0.40148,0.577456,Auto prior supports the event based on 5 recent headlines across 3 sources.,CPI PROPERTY GROUP publishes financial results for 2025 - tradingview.com; Eurozone Inflation: What to Expect from February’s CPI Data - global.morningstar.com; US to publish CPI report for annual Social Security cost-of-living adjustment - Reuters,2026-04-01T22:28:27.001065+00:00,5,0.73,auto,2026-03-31T18:21:13+00:00,,rules_text,,,,,,,,,,,,,,,,,,,,,,,,,,,,,,2,general_event,60.656596
KXECONSTATCPIYOY-26MAY-T3.0,0.205,0.001,0.43148,0.577456,Auto prior supports the event based on 5 recent headlines across 3 sources.,CPI PROPERTY GROUP publishes financial results for 2025 - tradingview.com; Eurozone Inflation: What to Expect from February’s CPI Data - global.morningstar.com; US to publish CPI report for annual Social Security cost-of-living adjustment - Reuters,2026-04-01T22:28:27.001065+00:00,5,0.73,auto,2026-03-31T18:21:13+00:00,,rules_text,,,,,,,,,,,,,,,,,,,,,,,,,,,,,,2,general_event,60.2375
KXECONSTATCPIYOY-26MAY-T3.6,0.155,0.001,0.38148,0.577456,Auto prior supports the event based on 5 recent headlines across 3 sources.,CPI PROPERTY GROUP publishes financial results for 2025 - tradingview.com; Eurozone Inflation: What to Expect from February’s CPI Data - global.morningstar.com; US to publish CPI report for annual Social Security cost-of-living adjustment - Reuters,2026-04-01T22:28:27.001065+00:00,5,0.73,auto,2026-03-31T18:21:13+00:00,,rules_text,,,,,,,,,,,,,,,,,,,,,,,,,,,,,,2,general_event,60.2375
KXECONSTATCPIYOY-26MAY-T3.8,0.155,0.001,0.38148,0.577456,Auto prior supports the event based on 5 recent headlines across 3 sources.,CPI PROPERTY GROUP publishes financial results for 2025 - tradingview.com; Eurozone Inflation: What to Expect from February’s CPI Data - global.morningstar.com; US to publish CPI report for annual Social Security cost-of-living adjustment - Reuters,2026-04-01T22:28:27.001065+00:00,5,0.73,auto,2026-03-31T18:21:13+00:00,,rules_text,,,,,,,,,,,,,,,,,,,,,,,,,,,,,,2,general_event,60.2375
KXECONSTATCPIYOY-26MAY-T3.4,0.21,0.001,0.43648,0.577456,Auto prior supports the event based on 5 recent headlines across 3 sources.,CPI PROPERTY GROUP publishes financial results for 2025 - tradingview.com; Eurozone Inflation: What to Expect from February’s CPI Data - global.morningstar.com; US to publish CPI report for annual Social Security cost-of-living adjustment - Reuters,2026-04-01T22:28:27.001065+00:00,5,0.73,auto,2026-03-31T18:21:13+00:00,,rules_text,,,,,,,,,,,,,,,,,,,,,,,,,,,,,,2,general_event,60.05
KXPCECORE-26JUL-T0.2,0.5,0.278212,0.721788,0.620112,Auto prior supports the event based on 6 recent headlines across 3 sources.,"Federal Reserve holds interest rates steady, signals one rate cut amid inflation uncertainty - U.S. Bank; U.S. FOMC Meeting (March 2026) - economics.td.com; Fed Keeps Rates Steady - The New York Times",2026-04-01T22:28:27.001065+00:00,6,0.716667,auto,2026-03-18T07:00:00+00:00,,rules_text,,,,,,,,,,,,,,,,,,,,,,,,,,,,,,2,general_event,59.868
KXRAINNYCM-26JUN-3,0.471,0.367257,0.574743,0.801168,NWS hourly precipitation probabilities for station KJFK imply a 47.1% execution-guarded chance of measurable rain for 2026-06-30 settlement. Recent station observations were incorporated for short-horizon rain persistence.,nws_station_hourly_forecast:KJFK; periods_used=73; hourly_pop_points=73; gridpoint_status=ready; gridpoint_pop_points=0; gridpoint_qpf_points=0; gridpoint_qpf_signal=0.0000; forecast_updated_at=2026-04-03T06:20:16+00:00; rain_forecast_age_hours=1.17; raw_pop_independent=1.0000; raw_pop_persistence_adjusted=1.0000; raw_pop_regime_adjusted=0.9900; rain_lag1_autocorrelation=0.925; rain_effective_independence_ratio=0.350; rain_hourly_concentration_ratio=0.142; rain_burst_blend_weight=0.251; rain_climatology_blend_weight=0.0000; nws_observations_status=ready; nws_observations_recent_count=24; nws_observations_recent_rain_count=1; nws_observations_signal=0.0062; nws_alerts_status=ready; nws_alerts_count=0; nws_alerts_signal=0.0000; noaa_mrms_status=ready; noaa_mrms_age_seconds=5442.158; noaa_nbm_status=ready; noaa_nbm_cycle_age_seconds=5442.158; ncei_normals_status=upstream_error; ncei_cdo_status=upstream_error; historical_sample_metric=precip; historical_sample_years=None; historical_min_sample_years_required=8; historical_years=0; station_history_live_ready=False; station_history_live_ready_reason=status_upstream_error; execution_guarded_probability=0.4710,2026-04-03T07:30:42.157825+00:00,97,0.87,auto_weather,2026-04-03T06:20:16+00:00,daily_rain,weather_forecast,weather_rain_pop_regime_historical_v4,0.996225,0.471,0.001,,,KJFK,America/New_York,contract_defined_day,,,unknown,upstream_error,False,False,False,None,precip,None,None,None,None,None,None,8,False,status_upstream_error,above:3,2330c41d02d3ee05a95390a11feef47b81c0a464fa07e0c574f986ced2e7df56,,,
KXRAINNYCM-26JUN-1,0.471,0.367257,0.574743,0.801168,NWS hourly precipitation probabilities for station KJFK imply a 47.1% execution-guarded chance of measurable rain for 2026-06-30 settlement. Recent station observations were incorporated for short-horizon rain persistence.,nws_station_hourly_forecast:KJFK; periods_used=73; hourly_pop_points=73; gridpoint_status=ready; gridpoint_pop_points=0; gridpoint_qpf_points=0; gridpoint_qpf_signal=0.0000; forecast_updated_at=2026-04-03T06:20:16+00:00; rain_forecast_age_hours=1.17; raw_pop_independent=1.0000; raw_pop_persistence_adjusted=1.0000; raw_pop_regime_adjusted=0.9900; rain_lag1_autocorrelation=0.925; rain_effective_independence_ratio=0.350; rain_hourly_concentration_ratio=0.142; rain_burst_blend_weight=0.251; rain_climatology_blend_weight=0.0000; nws_observations_status=ready; nws_observations_recent_count=24; nws_observations_recent_rain_count=1; nws_observations_signal=0.0062; nws_alerts_status=ready; nws_alerts_count=0; nws_alerts_signal=0.0000; noaa_mrms_status=ready; noaa_mrms_age_seconds=5442.158; noaa_nbm_status=ready; noaa_nbm_cycle_age_seconds=5442.158; ncei_normals_status=upstream_error; ncei_cdo_status=upstream_error; historical_sample_metric=precip; historical_sample_years=None; historical_min_sample_years_required=8; historical_years=0; station_history_live_ready=False; station_history_live_ready_reason=status_upstream_error; execution_guarded_probability=0.4710,2026-04-03T07:30:42.157825+00:00,97,0.87,auto_weather,2026-04-03T06:20:16+00:00,daily_rain,weather_forecast,weather_rain_pop_regime_historical_v4,0.996225,0.471,0.001,,,KJFK,America/New_York,contract_defined_day,,,unknown,upstream_error,False,False,False,None,precip,None,None,None,None,None,None,8,False,status_upstream_error,above:1,8300c5430ce757323adbcf4e9da7d02dcb4f895601cda103dba28c79b9d5eb48,,,
KXRAINNYCM-26JUN-2,0.471,0.367257,0.574743,0.801168,NWS hourly precipitation probabilities for station KJFK imply a 47.1% execution-guarded chance of measurable rain for 2026-06-30 settlement. Recent station observations were incorporated for short-horizon rain persistence.,nws_station_hourly_forecast:KJFK; periods_used=73; hourly_pop_points=73; gridpoint_status=ready; gridpoint_pop_points=0; gridpoint_qpf_points=0; gridpoint_qpf_signal=0.0000; forecast_updated_at=2026-04-03T06:20:16+00:00; rain_forecast_age_hours=1.17; raw_pop_independent=1.0000; raw_pop_persistence_adjusted=1.0000; raw_pop_regime_adjusted=0.9900; rain_lag1_autocorrelation=0.925; rain_effective_independence_ratio=0.350; rain_hourly_concentration_ratio=0.142; rain_burst_blend_weight=0.251; rain_climatology_blend_weight=0.0000; nws_observations_status=ready; nws_observations_recent_count=24; nws_observations_recent_rain_count=1; nws_observations_signal=0.0062; nws_alerts_status=ready; nws_alerts_count=0; nws_alerts_signal=0.0000; noaa_mrms_status=ready; noaa_mrms_age_seconds=5442.158; noaa_nbm_status=ready; noaa_nbm_cycle_age_seconds=5442.158; ncei_normals_status=upstream_error; ncei_cdo_status=upstream_error; historical_sample_metric=precip; historical_sample_years=None; historical_min_sample_years_required=8; historical_years=0; station_history_live_ready=False; station_history_live_ready_reason=status_upstream_error; execution_guarded_probability=0.4710,2026-04-03T07:30:42.157825+00:00,97,0.87,auto_weather,2026-04-03T06:20:16+00:00,daily_rain,weather_forecast,weather_rain_pop_regime_historical_v4,0.996225,0.471,0.001,,,KJFK,America/New_York,contract_defined_day,,,unknown,upstream_error,False,False,False,None,precip,None,None,None,None,None,None,8,False,status_upstream_error,above:2,abba72b25d66e37c3f77340121cfe09d3d5064e3235849c7afff8ba4a1c0ac49,,,
KXRAINNYCM-26JUN-4,0.471,0.367257,0.574743,0.801168,NWS hourly precipitation probabilities for station KJFK imply a 47.1% execution-guarded chance of measurable rain for 2026-06-30 settlement. Recent station observations were incorporated for short-horizon rain persistence.,nws_station_hourly_forecast:KJFK; periods_used=73; hourly_pop_points=73; gridpoint_status=ready; gridpoint_pop_points=0; gridpoint_qpf_points=0; gridpoint_qpf_signal=0.0000; forecast_updated_at=2026-04-03T06:20:16+00:00; rain_forecast_age_hours=1.17; raw_pop_independent=1.0000; raw_pop_persistence_adjusted=1.0000; raw_pop_regime_adjusted=0.9900; rain_lag1_autocorrelation=0.925; rain_effective_independence_ratio=0.350; rain_hourly_concentration_ratio=0.142; rain_burst_blend_weight=0.251; rain_climatology_blend_weight=0.0000; nws_observations_status=ready; nws_observations_recent_count=24; nws_observations_recent_rain_count=1; nws_observations_signal=0.0062; nws_alerts_status=ready; nws_alerts_count=0; nws_alerts_signal=0.0000; noaa_mrms_status=ready; noaa_mrms_age_seconds=5442.158; noaa_nbm_status=ready; noaa_nbm_cycle_age_seconds=5442.158; ncei_normals_status=upstream_error; ncei_cdo_status=upstream_error; historical_sample_metric=precip; historical_sample_years=None; historical_min_sample_years_required=8; historical_years=0; station_history_live_ready=False; station_history_live_ready_reason=status_upstream_error; execution_guarded_probability=0.4710,2026-04-03T07:30:42.157825+00:00,97,0.87,auto_weather,2026-04-03T06:20:16+00:00,daily_rain,weather_forecast,weather_rain_pop_regime_historical_v4,0.996225,0.471,0.001,,,KJFK,America/New_York,contract_defined_day,,,unknown,upstream_error,False,False,False,None,precip,None,None,None,None,None,None,8,False,status_upstream_error,above:4,d43e8cd6c943e286af0d8d8b31873aa528c96939015b1ce157bd9b72539511dd,,,
KXRAINNYCM-26JUL-1,0.471,0.367257,0.574743,0.801168,NWS hourly precipitation probabilities for station KJFK imply a 47.1% execution-guarded chance of measurable rain for 2026-07-31 settlement. Recent station observations were incorporated for short-horizon rain persistence.,nws_station_hourly_forecast:KJFK; periods_used=73; hourly_pop_points=73; gridpoint_status=ready; gridpoint_pop_points=0; gridpoint_qpf_points=0; gridpoint_qpf_signal=0.0000; forecast_updated_at=2026-04-03T06:20:16+00:00; rain_forecast_age_hours=1.17; raw_pop_independent=1.0000; raw_pop_persistence_adjusted=1.0000; raw_pop_regime_adjusted=0.9900; rain_lag1_autocorrelation=0.925; rain_effective_independence_ratio=0.350; rain_hourly_concentration_ratio=0.142; rain_burst_blend_weight=0.251; rain_climatology_blend_weight=0.0000; nws_observations_status=ready; nws_observations_recent_count=24; nws_observations_recent_rain_count=1; nws_observations_signal=0.0062; nws_alerts_status=ready; nws_alerts_count=0; nws_alerts_signal=0.0000; noaa_mrms_status=ready; noaa_mrms_age_seconds=5442.158; noaa_nbm_status=ready; noaa_nbm_cycle_age_seconds=5442.158; ncei_normals_status=upstream_error; ncei_cdo_status=upstream_error; historical_sample_metric=precip; historical_sample_years=None; historical_min_sample_years_required=8; historical_years=0; station_history_live_ready=False; station_history_live_ready_reason=status_upstream_error; execution_guarded_probability=0.4710,2026-04-03T07:30:42.157825+00:00,97,0.87,auto_weather,2026-04-03T06:20:16+00:00,daily_rain,weather_forecast,weather_rain_pop_regime_historical_v4,0.996225,0.471,0.001,,,KJFK,America/New_York,contract_defined_day,,,unknown,upstream_error,False,False,False,None,precip,None,None,None,None,None,None,8,False,status_upstream_error,above:1,6816e200981a5ab093eaeb9670e4cd16e6d27ed3d027e5edaa845f31669052f3,,,
KXRAINNYCM-26JUL-2,0.471,0.367257,0.574743,0.801168,NWS hourly precipitation probabilities for station KJFK imply a 47.1% execution-guarded chance of measurable rain for 2026-07-31 settlement. Recent station observations were incorporated for short-horizon rain persistence.,nws_station_hourly_forecast:KJFK; periods_used=73; hourly_pop_points=73; gridpoint_status=ready; gridpoint_pop_points=0; gridpoint_qpf_points=0; gridpoint_qpf_signal=0.0000; forecast_updated_at=2026-04-03T06:20:16+00:00; rain_forecast_age_hours=1.17; raw_pop_independent=1.0000; raw_pop_persistence_adjusted=1.0000; raw_pop_regime_adjusted=0.9900; rain_lag1_autocorrelation=0.925; rain_effective_independence_ratio=0.350; rain_hourly_concentration_ratio=0.142; rain_burst_blend_weight=0.251; rain_climatology_blend_weight=0.0000; nws_observations_status=ready; nws_observations_recent_count=24; nws_observations_recent_rain_count=1; nws_observations_signal=0.0062; nws_alerts_status=ready; nws_alerts_count=0; nws_alerts_signal=0.0000; noaa_mrms_status=ready; noaa_mrms_age_seconds=5442.158; noaa_nbm_status=ready; noaa_nbm_cycle_age_seconds=5442.158; ncei_normals_status=upstream_error; ncei_cdo_status=upstream_error; historical_sample_metric=precip; historical_sample_years=None; historical_min_sample_years_required=8; historical_years=0; station_history_live_ready=False; station_history_live_ready_reason=status_upstream_error; execution_guarded_probability=0.4710,2026-04-03T07:30:42.157825+00:00,97,0.87,auto_weather,2026-04-03T06:20:16+00:00,daily_rain,weather_forecast,weather_rain_pop_regime_historical_v4,0.996225,0.471,0.001,,,KJFK,America/New_York,contract_defined_day,,,unknown,upstream_error,False,False,False,None,precip,None,None,None,None,None,None,8,False,status_upstream_error,above:2,cddfe846934b3f2ffde28cae10076f8c00c1b2e5c1ca94c74121b91a6d5ba15b,,,
KXRAINNYCM-26JUL-3,0.471,0.367257,0.574743,0.801168,NWS hourly precipitation probabilities for station KJFK imply a 47.1% execution-guarded chance of measurable rain for 2026-07-31 settlement. Recent station observations were incorporated for short-horizon rain persistence.,nws_station_hourly_forecast:KJFK; periods_used=73; hourly_pop_points=73; gridpoint_status=ready; gridpoint_pop_points=0; gridpoint_qpf_points=0; gridpoint_qpf_signal=0.0000; forecast_updated_at=2026-04-03T06:20:16+00:00; rain_forecast_age_hours=1.17; raw_pop_independent=1.0000; raw_pop_persistence_adjusted=1.0000; raw_pop_regime_adjusted=0.9900; rain_lag1_autocorrelation=0.925; rain_effective_independence_ratio=0.350; rain_hourly_concentration_ratio=0.142; rain_burst_blend_weight=0.251; rain_climatology_blend_weight=0.0000; nws_observations_status=ready; nws_observations_recent_count=24; nws_observations_recent_rain_count=1; nws_observations_signal=0.0062; nws_alerts_status=ready; nws_alerts_count=0; nws_alerts_signal=0.0000; noaa_mrms_status=ready; noaa_mrms_age_seconds=5442.158; noaa_nbm_status=ready; noaa_nbm_cycle_age_seconds=5442.158; ncei_normals_status=upstream_error; ncei_cdo_status=upstream_error; historical_sample_metric=precip; historical_sample_years=None; historical_min_sample_years_required=8; historical_years=0; station_history_live_ready=False; station_history_live_ready_reason=status_upstream_error; execution_guarded_probability=0.4710,2026-04-03T07:30:42.157825+00:00,97,0.87,auto_weather,2026-04-03T06:20:16+00:00,daily_rain,weather_forecast,weather_rain_pop_regime_historical_v4,0.996225,0.471,0.001,,,KJFK,America/New_York,contract_defined_day,,,unknown,upstream_error,False,False,False,None,precip,None,None,None,None,None,None,8,False,status_upstream_error,above:3,b0a81d63881934a3a15884bdabc349a88ab8e633866542aed52ee8db3e857116,,,
KXRAINNYCM-26JUL-4,0.471,0.367257,0.574743,0.801168,NWS hourly precipitation probabilities for station KJFK imply a 47.1% execution-guarded chance of measurable rain for 2026-07-31 settlement. Recent station observations were incorporated for short-horizon rain persistence.,nws_station_hourly_forecast:KJFK; periods_used=73; hourly_pop_points=73; gridpoint_status=ready; gridpoint_pop_points=0; gridpoint_qpf_points=0; gridpoint_qpf_signal=0.0000; forecast_updated_at=2026-04-03T06:20:16+00:00; rain_forecast_age_hours=1.17; raw_pop_independent=1.0000; raw_pop_persistence_adjusted=1.0000; raw_pop_regime_adjusted=0.9900; rain_lag1_autocorrelation=0.925; rain_effective_independence_ratio=0.350; rain_hourly_concentration_ratio=0.142; rain_burst_blend_weight=0.251; rain_climatology_blend_weight=0.0000; nws_observations_status=ready; nws_observations_recent_count=24; nws_observations_recent_rain_count=1; nws_observations_signal=0.0062; nws_alerts_status=ready; nws_alerts_count=0; nws_alerts_signal=0.0000; noaa_mrms_status=ready; noaa_mrms_age_seconds=5442.158; noaa_nbm_status=ready; noaa_nbm_cycle_age_seconds=5442.158; ncei_normals_status=upstream_error; ncei_cdo_status=upstream_error; historical_sample_metric=precip; historical_sample_years=None; historical_min_sample_years_required=8; historical_years=0; station_history_live_ready=False; station_history_live_ready_reason=status_upstream_error; execution_guarded_probability=0.4710,2026-04-03T07:30:42.157825+00:00,97,0.87,auto_weather,2026-04-03T06:20:16+00:00,daily_rain,weather_forecast,weather_rain_pop_regime_historical_v4,0.996225,0.471,0.001,,,KJFK,America/New_York,contract_defined_day,,,unknown,upstream_error,False,False,False,None,precip,None,None,None,None,None,None,8,False,status_upstream_error,above:4,3f53594465ea19b0a316b09e4497d629bd88c3f12cb407d486a04fad648a28a8,,,
KXRAINNYCM-26AUG-3,0.471,0.367257,0.574743,0.801168,NWS hourly precipitation probabilities for station KJFK imply a 47.1% execution-guarded chance of measurable rain for 2026-08-31 settlement. Recent station observations were incorporated for short-horizon rain persistence.,nws_station_hourly_forecast:KJFK; periods_used=73; hourly_pop_points=73; gridpoint_status=ready; gridpoint_pop_points=0; gridpoint_qpf_points=0; gridpoint_qpf_signal=0.0000; forecast_updated_at=2026-04-03T06:20:16+00:00; rain_forecast_age_hours=1.17; raw_pop_independent=1.0000; raw_pop_persistence_adjusted=1.0000; raw_pop_regime_adjusted=0.9900; rain_lag1_autocorrelation=0.925; rain_effective_independence_ratio=0.350; rain_hourly_concentration_ratio=0.142; rain_burst_blend_weight=0.251; rain_climatology_blend_weight=0.0000; nws_observations_status=ready; nws_observations_recent_count=24; nws_observations_recent_rain_count=1; nws_observations_signal=0.0062; nws_alerts_status=ready; nws_alerts_count=0; nws_alerts_signal=0.0000; noaa_mrms_status=ready; noaa_mrms_age_seconds=5442.158; noaa_nbm_status=ready; noaa_nbm_cycle_age_seconds=5442.158; ncei_normals_status=upstream_error; ncei_cdo_status=upstream_error; historical_sample_metric=precip; historical_sample_years=None; historical_min_sample_years_required=8; historical_years=0; station_history_live_ready=False; station_history_live_ready_reason=status_upstream_error; execution_guarded_probability=0.4710,2026-04-03T07:30:42.157825+00:00,97,0.87,auto_weather,2026-04-03T06:20:16+00:00,daily_rain,weather_forecast,weather_rain_pop_regime_historical_v4,0.996225,0.471,0.001,,,KJFK,America/New_York,contract_defined_day,,,unknown,upstream_error,False,False,False,None,precip,None,None,None,None,None,None,8,False,status_upstream_error,above:3,29fb3bd52bcc5139e0b023a58ff221611625a1abea321d8aadfe61388e700017,,,
KXRAINNYCM-26AUG-1,0.471,0.367257,0.574743,0.801168,NWS hourly precipitation probabilities for station KJFK imply a 47.1% execution-guarded chance of measurable rain for 2026-08-31 settlement. Recent station observations were incorporated for short-horizon rain persistence.,nws_station_hourly_forecast:KJFK; periods_used=73; hourly_pop_points=73; gridpoint_status=ready; gridpoint_pop_points=0; gridpoint_qpf_points=0; gridpoint_qpf_signal=0.0000; forecast_updated_at=2026-04-03T06:20:16+00:00; rain_forecast_age_hours=1.17; raw_pop_independent=1.0000; raw_pop_persistence_adjusted=1.0000; raw_pop_regime_adjusted=0.9900; rain_lag1_autocorrelation=0.925; rain_effective_independence_ratio=0.350; rain_hourly_concentration_ratio=0.142; rain_burst_blend_weight=0.251; rain_climatology_blend_weight=0.0000; nws_observations_status=ready; nws_observations_recent_count=24; nws_observations_recent_rain_count=1; nws_observations_signal=0.0062; nws_alerts_status=ready; nws_alerts_count=0; nws_alerts_signal=0.0000; noaa_mrms_status=ready; noaa_mrms_age_seconds=5442.158; noaa_nbm_status=ready; noaa_nbm_cycle_age_seconds=5442.158; ncei_normals_status=upstream_error; ncei_cdo_status=upstream_error; historical_sample_metric=precip; historical_sample_years=None; historical_min_sample_years_required=8; historical_years=0; station_history_live_ready=False; station_history_live_ready_reason=status_upstream_error; execution_guarded_probability=0.4710,2026-04-03T07:30:42.157825+00:00,97,0.87,auto_weather,2026-04-03T06:20:16+00:00,daily_rain,weather_forecast,weather_rain_pop_regime_historical_v4,0.996225,0.471,0.001,,,KJFK,America/New_York,contract_defined_day,,,unknown,upstream_error,False,False,False,None,precip,None,None,None,None,None,None,8,False,status_upstream_error,above:1,ad3977f5810aafe3bb5b5fc413cd1249827d353c7958622c4e5b42f52e9ec638,,,
KXRAINNYCM-26AUG-2,0.471,0.367257,0.574743,0.801168,NWS hourly precipitation probabilities for station KJFK imply a 47.1% execution-guarded chance of measurable rain for 2026-08-31 settlement. Recent station observations were incorporated for short-horizon rain persistence.,nws_station_hourly_forecast:KJFK; periods_used=73; hourly_pop_points=73; gridpoint_status=ready; gridpoint_pop_points=0; gridpoint_qpf_points=0; gridpoint_qpf_signal=0.0000; forecast_updated_at=2026-04-03T06:20:16+00:00; rain_forecast_age_hours=1.17; raw_pop_independent=1.0000; raw_pop_persistence_adjusted=1.0000; raw_pop_regime_adjusted=0.9900; rain_lag1_autocorrelation=0.925; rain_effective_independence_ratio=0.350; rain_hourly_concentration_ratio=0.142; rain_burst_blend_weight=0.251; rain_climatology_blend_weight=0.0000; nws_observations_status=ready; nws_observations_recent_count=24; nws_observations_recent_rain_count=1; nws_observations_signal=0.0062; nws_alerts_status=ready; nws_alerts_count=0; nws_alerts_signal=0.0000; noaa_mrms_status=ready; noaa_mrms_age_seconds=5442.158; noaa_nbm_status=ready; noaa_nbm_cycle_age_seconds=5442.158; ncei_normals_status=upstream_error; ncei_cdo_status=upstream_error; historical_sample_metric=precip; historical_sample_years=None; historical_min_sample_years_required=8; historical_years=0; station_history_live_ready=False; station_history_live_ready_reason=status_upstream_error; execution_guarded_probability=0.4710,2026-04-03T07:30:42.157825+00:00,97,0.87,auto_weather,2026-04-03T06:20:16+00:00,daily_rain,weather_forecast,weather_rain_pop_regime_historical_v4,0.996225,0.471,0.001,,,KJFK,America/New_York,contract_defined_day,,,unknown,upstream_error,False,False,False,None,precip,None,None,None,None,None,None,8,False,status_upstream_error,above:2,1a7e3b8c8982b6df5a1d243c783bddcac108b522d0ca05cd24dd2b0c043fe37d,,,
KXRAINNYCM-26AUG-4,0.471,0.367257,0.574743,0.801168,NWS hourly precipitation probabilities for station KJFK imply a 47.1% execution-guarded chance of measurable rain for 2026-08-31 settlement. Recent station observations were incorporated for short-horizon rain persistence.,nws_station_hourly_forecast:KJFK; periods_used=73; hourly_pop_points=73; gridpoint_status=ready; gridpoint_pop_points=0; gridpoint_qpf_points=0; gridpoint_qpf_signal=0.0000; forecast_updated_at=2026-04-03T06:20:16+00:00; rain_forecast_age_hours=1.17; raw_pop_independent=1.0000; raw_pop_persistence_adjusted=1.0000; raw_pop_regime_adjusted=0.9900; rain_lag1_autocorrelation=0.925; rain_effective_independence_ratio=0.350; rain_hourly_concentration_ratio=0.142; rain_burst_blend_weight=0.251; rain_climatology_blend_weight=0.0000; nws_observations_status=ready; nws_observations_recent_count=24; nws_observations_recent_rain_count=1; nws_observations_signal=0.0062; nws_alerts_status=ready; nws_alerts_count=0; nws_alerts_signal=0.0000; noaa_mrms_status=ready; noaa_mrms_age_seconds=5442.158; noaa_nbm_status=ready; noaa_nbm_cycle_age_seconds=5442.158; ncei_normals_status=upstream_error; ncei_cdo_status=upstream_error; historical_sample_metric=precip; historical_sample_years=None; historical_min_sample_years_required=8; historical_years=0; station_history_live_ready=False; station_history_live_ready_reason=status_upstream_error; execution_guarded_probability=0.4710,2026-04-03T07:30:42.157825+00:00,97,0.87,auto_weather,2026-04-03T06:20:16+00:00,daily_rain,weather_forecast,weather_rain_pop_regime_historical_v4,0.996225,0.471,0.001,,,KJFK,America/New_York,contract_defined_day,,,unknown,upstream_error,False,False,False,None,precip,None,None,None,None,None,None,8,False,status_upstream_error,above:4,e7fc43cf5886e304597db18ca3c904dcee5d77addbe848ae7168ef20cda60ad7,,,
